{
  "gaia_id": 2443091236074493824,
  "status": "SUCCESS",
  "timestamp": "2025-10-20T15:15:19.360950",
  "optimal_x": 865.0,
  "optimal_y": 1258.0,
  "precision": 0.0039940718281173335,
  "n_comparison_stars": 2,
  "combined_mag": 11.593568325042725,
  "target_ra": 0.1463178370725448,
  "target_dec": -5.551605584449792,
  "distance_to_hazard": 12.0,
  "detector_center_ra": 0.17611167443748965,
  "detector_center_dec": -5.498355236173757,
  "target_offset_x": 353.0,
  "target_offset_y": 618.0,
  "target_offset_ra_arcsec": -107.25781451380143,
  "target_offset_dec_arcsec": -191.7012537937257,
  "target_jmag": 8.998000144958496,
  "target_zyj": 9.691014461140403,
  "target_teff": 3926.300048828125,
  "reference_image": "/Users/matthewhooton/PycharmProjects/spirit_precision/ref_images/spirit.fits",
  "bad_pixel_map": "/Users/matthewhooton/PycharmProjects/spirit_precision/BPMs/1_BadPixelMap.fits",
  "processing_time_seconds": 63.99324178695679,
  "error_message": ""
}