{
  "gaia_id": 420475344077664384,
  "status": "SUCCESS",
  "timestamp": "2025-10-20T15:26:09.873532",
  "optimal_x": 85.0,
  "optimal_y": 682.0,
  "precision": 0.0006114674256318125,
  "n_comparison_stars": 64,
  "combined_mag": 10.556764602661133,
  "target_ra": 0.18907567273689058,
  "target_dec": 55.04948003886541,
  "distance_to_hazard": 42.190046219457976,
  "detector_center_ra": 0.12481904985673313,
  "detector_center_dec": 55.052629691000035,
  "target_offset_x": -427.0,
  "target_offset_y": 42.0,
  "target_offset_ra_arcsec": 231.3238423685668,
  "target_offset_dec_arcsec": -11.338747684646933,
  "target_jmag": 11.777000427246094,
  "target_zyj": 12.725188805815147,
  "target_teff": 3544.085205078125,
  "reference_image": "/Users/matthewhooton/PycharmProjects/spirit_precision/ref_images/spirit.fits",
  "bad_pixel_map": "/Users/matthewhooton/PycharmProjects/spirit_precision/BPMs/1_BadPixelMap.fits",
  "processing_time_seconds": 558.6199719905853,
  "error_message": ""
}