{
  "gaia_id": 2774087391866252928,
  "status": "SUCCESS",
  "timestamp": "2025-10-20T15:16:42.350054",
  "optimal_x": 319.0,
  "optimal_y": 133.0,
  "precision": 0.0039940718281173335,
  "n_comparison_stars": 3,
  "combined_mag": 11.550054550170898,
  "target_ra": 0.16602449102591324,
  "target_dec": 18.49025809654448,
  "distance_to_hazard": 27.80287754891569,
  "detector_center_ra": 0.14896160280294646,
  "detector_center_dec": 18.44649380521363,
  "target_offset_x": -193.0,
  "target_offset_y": -507.0,
  "target_offset_ra_arcsec": 61.42639760268042,
  "target_offset_dec_arcsec": 157.5514487910553,
  "target_jmag": 8.442999839782715,
  "target_zyj": 9.085052778450393,
  "target_teff": 4162.02001953125,
  "reference_image": "/Users/matthewhooton/PycharmProjects/spirit_precision/ref_images/spirit.fits",
  "bad_pixel_map": "/Users/matthewhooton/PycharmProjects/spirit_precision/BPMs/1_BadPixelMap.fits",
  "processing_time_seconds": 70.61991500854492,
  "error_message": ""
}