{
  "gaia_id": 2421137424841635840,
  "status": "SUCCESS",
  "timestamp": "2025-10-20T15:14:02.238032",
  "optimal_x": 277.0,
  "optimal_y": 1120.0,
  "precision": 0.0010468833145433332,
  "n_comparison_stars": 17,
  "combined_mag": 13.135437965393066,
  "target_ra": 0.11835266354328834,
  "target_dec": -12.754997565830886,
  "distance_to_hazard": 46.04345773288535,
  "detector_center_ra": 0.09710448985742527,
  "detector_center_dec": -12.714076651518734,
  "target_offset_x": -235.0,
  "target_offset_y": 480.0,
  "target_offset_ra_arcsec": 76.49342526910705,
  "target_offset_dec_arcsec": -147.3152915237442,
  "target_jmag": 13.199999809265137,
  "target_zyj": 14.278851194743025,
  "target_teff": 0.0,
  "reference_image": "/Users/matthewhooton/PycharmProjects/spirit_precision/ref_images/spirit.fits",
  "bad_pixel_map": "/Users/matthewhooton/PycharmProjects/spirit_precision/BPMs/1_BadPixelMap.fits",
  "processing_time_seconds": 277.3875141143799,
  "error_message": ""
}